{"cameraMode":{"drawMode":0,"name":"Shaded","section":"Shading Mode"},"sceneLighting":true,"audioPlay":false,"sceneViewState":{"showFog":true,"showMaterialUpdate":false,"showSkybox":true,"showFlares":true,"showImageEffects":true,"showParticleSystems":true},"in2DMode":false,"pivot":{"x":44.91024398803711,"y":23.278053283691408,"z":109.26553344726563},"rotation":{"x":-0.06027491018176079,"y":0.719875693321228,"z":-0.06301232427358628,"w":-0.6886039972305298},"size":2.450622320175171,"orthographic":false}